date,symbol,open,high,low,close,volume,factor
2026-06-12,spcx,150.0000,176.5200,149.3400,160.9500,522131790,1.000000
2026-06-15,spcx,171.7400,193.0000,168.3500,192.5000,256226632,1.000000
2026-06-16,spcx,200.5100,225.6400,195.1300,201.8000,322149250,1.000000
2026-06-17,spcx,209.8400,213.8000,187.0100,191.8200,201719498,1.000000
2026-06-18,spcx,188.3900,190.0000,172.1100,185.0000,272126781,1.000000
2026-06-22,spcx,176.0400,176.7500,154.0000,154.6000,169183799,1.000000
2026-06-23,spcx,151.0600,165.5000,147.1100,156.1100,155848109,1.000000
2026-06-24,spcx,154.2000,159.8600,150.7200,154.5400,76101541,1.000000
2026-06-25,spcx,156.6300,160.6500,150.0000,153.0000,62212435,1.000000
2026-06-26,spcx,150.6200,158.4000,148.5100,153.2300,126932861,1.000000
2026-06-29,spcx,157.3600,166.1700,151.7400,164.1900,81443101,1.000000
2026-06-30,spcx,163.3800,172.4000,161.6400,170.8600,82047546,1.000000
2026-07-01,spcx,171.5700,171.7400,155.0000,157.5400,109317597,1.000000
2026-07-02,spcx,159.7300,162.1600,155.8800,162.0000,61257120,1.000000
2026-07-06,spcx,165.9500,167.9000,155.0400,160.4200,188831328,1.000000
2026-07-07,spcx,158.9200,159.3000,148.8600,149.4700,83779737,1.000000
2026-07-08,spcx,152.5500,152.9300,145.2000,148.3000,60949410,1.000000
2026-07-09,spcx,150.4500,153.5000,147.5900,152.1600,46468592,1.000000
2026-07-10,spcx,150.1300,150.5700,145.0700,145.3000,46825995,1.000000
2026-07-13,spcx,144.7000,144.9200,136.7800,139.1400,71456511,1.000000
2026-07-14,spcx,140.9500,143.3300,135.5200,136.0800,46694833,1.000000
2026-07-15,spcx,137.5100,139.3400,132.1500,135.2700,58040919,1.000000
2026-07-16,spcx,135.0100,137.7600,130.7400,131.1100,58725579,1.000000
2026-07-17,spcx,127.4300,130.3300,122.1200,123.9900,83706220,1.000000
2026-07-20,spcx,125.2900,125.7000,119.6800,119.8500,57337250,1.000000
2026-07-21,spcx,122.1100,129.8800,120.3600,123.5400,79718078,1.000000
2026-07-22,spcx,123.2900,124.7700,115.1900,115.2600,92731796,1.000000
2026-07-23,spcx,115.2100,118.5500,110.8500,118.2400,75246453,1.000000
2026-07-24,spcx,116.0100,117.0000,111.4000,115.0700,56786082,1.000000
2026-07-27,spcx,113.5000,114.8500,108.6600,113.5000,64540679,1.000000
2026-07-28,spcx,109.3200,118.1300,107.0100,116.4100,81714250,1.000000
2026-07-29,spcx,114.4000,117.5900,110.3500,112.5500,53995189,1.000000
2026-07-30,spcx,115.1400,118.9300,111.3500,112.2000,56007950,1.000000
2026-07-31,spcx,113.1000,113.6400,107.5700,108.3700,58835713,1.000000
2026-08-03,spcx,106.4000,114.9200,104.8300,114.5300,70524025,1.000000
2026-08-04,spcx,117.3300,126.7100,115.7200,125.3300,144130084,1.000000
2026-08-05,spcx,112.3700,117.5000,106.6600,108.2700,208488385,1.000000
2026-08-06,spcx,107.0900,115.7500,105.1100,114.9200,255176620,1.000000
2026-08-07,spcx,114.9700,133.4800,114.5300,133.1100,242130745,1.000000
2026-08-10,spcx,134.9500,139.2600,130.1700,138.7400,169934327,1.000000
2026-08-11,spcx,138.6600,139.9800,130.5000,133.2900,108900589,1.000000
2026-08-12,spcx,135.0500,149.6000,134.0100,146.1500,167236422,1.000000
2026-08-13,spcx,143.7500,145.0500,139.7600,141.2900,120282152,1.000000
2026-08-14,spcx,142.9000,144.0200,135.5000,140.0000,96727761,1.000000
2026-08-17,spcx,139.9800,149.8000,139.5800,146.2300,116675369,1.000000
2026-08-18,spcx,140.7300,146.4600,139.4100,143.3400,84190976,1.000000
2026-08-19,spcx,144.9600,145.0100,136.7200,139.6500,76612316,1.000000
2026-08-20,spcx,137.2900,137.8800,130.3900,134.0000,119813167,1.000000
2026-08-21,spcx,134.3200,137.3500,131.2200,136.9700,78808308,1.000000
2026-08-24,spcx,134.3600,138.3300,133.1000,135.0000,60188375,1.000000
2026-08-25,spcx,136.9400,139.7500,136.1000,137.9500,53075008,1.000000
2026-08-26,spcx,137.0000,140.1800,135.1000,139.6300,61380487,1.000000
2026-08-27,spcx,139.9900,142.0600,138.6000,140.8700,55268829,1.000000
2026-08-28,spcx,139.8300,143.2900,137.9000,141.5000,55111222,1.000000
2026-08-31,spcx,140.0800,144.1400,139.8800,143.6900,63145017,1.000000
2026-09-01,spcx,141.8700,145.2300,141.1700,142.2300,53808127,1.000000
2026-09-02,spcx,142.6800,143.1000,138.1700,140.7100,49903663,1.000000
2026-09-03,spcx,141.3600,152.3000,141.0500,149.7400,121333582,1.000000
2026-09-04,spcx,148.5900,150.8500,147.3200,147.9500,49122393,1.000000
2026-09-08,spcx,149.0500,155.0000,145.1400,153.4700,85840673,1.000000
2026-09-09,spcx,152.0400,153.0000,145.5500,147.5500,120593462,1.000000
2026-09-10,spcx,145.0000,154.7000,144.8900,148.1800,118598930,1.000000
2026-09-11,spcx,150.0100,151.8500,145.9200,151.2100,79273366,1.000000
2026-09-14,spcx,147.3300,152.5600,146.0000,148.1500,67860995,1.000000
2026-09-15,spcx,148.4500,148.5500,142.8700,143.4900,72746773,1.000000
2026-09-16,spcx,144.8800,153.0100,144.3600,150.8800,108770003,1.000000
2026-09-17,spcx,153.8000,156.8700,152.6300,154.8100,83986353,1.000000
2026-09-18,spcx,154.6000,156.6000,149.9300,152.7100,335670483,1.000000
2026-09-21,spcx,154.7700,158.1300,151.6000,151.8500,82283679,1.000000
2026-09-22,spcx,151.7000,154.9400,150.5500,154.7200,59197631,1.000000
2026-09-23,spcx,153.2800,154.2600,147.8900,148.3600,60641577,1.000000
2026-09-24,spcx,148.2000,149.0000,145.8800,148.0300,72721441,1.000000
2026-09-25,spcx,148.3800,149.6700,146.0000,148.6800,54595189,1.000000
2026-09-28,spcx,148.4900,150.8000,145.3600,145.4700,83516666,1.000000
2026-09-29,spcx,146.6800,150.0600,145.4700,149.2400,80056715,1.000000
2026-09-30,spcx,148.6800,152.5800,147.7500,150.8600,79614173,1.000000
2026-10-01,spcx,150.5600,153.7800,146.0300,148.0700,69092538,1.000000
2026-10-02,spcx,149.5700,159.8400,149.3400,158.9600,119859134,1.000000
2026-10-05,spcx,158.9900,172.4700,158.6200,171.0900,135688935,1.000000
2026-10-06,spcx,172.0100,176.4200,171.3900,171.9200,106952443,1.000000
2026-10-07,spcx,168.1300,171.3100,165.6500,167.6000,77473018,1.000000
2026-10-08,spcx,167.4700,167.6000,160.0000,160.5700,71897847,1.000000
